Residue_Cluster,Average_RSA,Average_Hydrophilicity,Average_B-Factor
29:A;30:A;31:R;32:R,0.6000008523347821,1.25,65.31599999999999
33:C;34:Q;35:S,0.37370266130426394,-0.16666666666666666,51.77425925925925
36:Q;37:L;38:E;39:R,0.495400715918317,1.1,47.98969696969697
40:A;41:N,0.38228986079515714,-0.15,40.069125
42:L;43:R;45:C;46:E,0.20042978736557923,0.8,47.804232954545455
44:P;87:H,0.14769762399303626,-0.25,62.324928571428565
47:Q;48:H;49:L;50:M,0.20477967499164568,-0.8500000000000001,56.42659920634921
51:Q;52:K;53:I;54:Q;55:R,0.39530902227509773,0.9199999999999999,64.5862880952381
85:S;86:Q,0.6756251575500097,0.25,86.82
88:Q;89:E;90:R,0.43091976754529066,2.066666666666667,60.551274651274646
91:C;92:C;93:N;94:E,0.2737738771631216,0.3,50.06635416666667
95:L;96:N;97:E;98:F;99:E,0.2589908241111961,0.38,47.01557828282828
100:N;101:N;102:Q,0.5618871973051539,0.20000000000000004,40.87787037037037
103:R;104:C;105:M;106:C,0.17672008900938138,-0.07500000000000001,42.194851190476186
107:E;108:A;109:L;110:Q,0.16336645307593298,0.22499999999999998,37.64371527777777
111:Q;112:I,0.18636535208482816,-0.8,37.06027777777778
113:M;114:E;115:N;116:Q,0.27326280990500157,0.525,44.304409722222225
117:S;118:D;119:R,0.6361533549400439,2.1,64.67159595959596
120:L;121:Q,0.5502735633544706,-0.8,60.98916666666666
122:G;123:R,0.3620998705895909,1.5,53.25
124:Q;125:Q;126:E;127:Q,0.48284835099303486,0.9,53.05555555555556
128:Q;129:F;130:K;131:R,0.20860865646785232,0.925,45.99787878787879
132:E;133:L;134:R;135:N;136:L,0.21937648431058832,0.5200000000000001,43.79467676767676
137:P;138:Q;142:L;143:R;144:A,0.374977772799567,0.18,45.32565930735931
139:Q;140:C;141:G,0.4561011323284581,-0.26666666666666666,51.75092592592592
145:P;146:Q;147:R,0.6175322645107414,1.0666666666666667,35.82117845117845
148:C;149:D,0.41679332668215074,1.0,42.92333333333333
150:L;151:D;152:V,0.45146326415820726,-0.10000000000000002,58.55761904761905
